country,1960,1961,1962,1963,1964,1965,1966,1967,1968,1969,1970,1971,1972,1973,1974,1975,1976,1977,1978,1979,1980,1981,1982,1983,1984,1985,1986,1987,1988,1989,1990,1991,1992,1993,1994,1995,1996,1997,1998,1999,2000,2001,2002,2003,2004,2005,2006,2007,2008,2009,2010,2011,2012,2013,2014,2015,2016,2017,2018,2019,2020
Aruba,,,,,,,,,,,,,,,,,,,,,,,,,,,11.4k,13.7k,17k,20.1k,21.8k,23.9k,24.9k,26.3k,28.6k,29.1k,29.3k,31.6k,34k,33.8k,36.4k,35.9k,34k,36.3k,39.1k,33.1k,41.2k,39.4k,46.4k,42.5k,39.6k,40.4k,42.2k,44.5k,46.4k,48.7k,48.6k,49.6k,50.6k,,
Afghanistan,2750,2750,2680,3620,3770,4640,6320,7390,5930,5940,7190,7330,6220,6580,7980,8570,9080,10.3k,11.4k,12.3k,12.3k,13.3k,,,,,,,,,,,,,,,,,,,,,,,,,,,,21.5k,24.9k,28.2k,33.1k,35.4k,35.3k,35.9k,34.9k,35.9k,36.1k,39.2k,40.1k
Angola,,,,,,,,,,,,,,,,,,,,,,,,,,20µ,20µ,20µ,20µ,30µ,30µ,60µ,0.00013,0.00126,0.022,0.928,44.9,104,142,841,4560,9600,33.9k,66.2k,93.8k,148k,184k,212k,259k,224k,298k,396k,447k,470k,499k,475k,544k,638k,768k,939k,940k
Albania,,,,,,,,,,,,,,,,,,,,,,,,,5500,5490,5550,5400,5220,5580,4930,4750,14.3k,38.6k,55.9k,70.8k,108k,108k,127k,146k,167k,190k,205k,229k,249k,272k,300k,334k,369k,385k,421k,448k,456k,474k,487k,504k,520k,541k,570k,585k,560k
United Arab Emirates,,,,,,,,,,,,,,,,,,,,,,,,,,,,,,,,,,,,,,,,,128k,121k,117k,123k,134k,147k,157k,159k,165k,119k,124k,144k,151k,156k,161k,143k,141k,150k,162k,158k,133k
Argentina,0,0,0,0,0,0,0,0,0,0,0,0,0,0,0,0,0,10µ,30µ,70µ,0.00014,0.00026,0.00071,0.00353,0.0252,0.166,0.311,0.713,3.35,92.5,2020,5300,6630,6870,7380,7270,7570,8040,8080,7570,7500,7000,7870,9470,11.2k,13.3k,17.6k,22k,28k,29.9k,39.3k,51.3k,61.6k,77.4k,105k,135k,185k,236k,320k,466k,590k
Armenia,,,,,,,,,,,,,,,,,,,,,,,,,,,,,,,13.7,22.7,75.3,1250,56.8k,167k,215k,272k,317k,329k,346k,397k,465k,556k,662k,784k,940k,1.13M,1.3M,1.13M,1.26M,1.36M,1.54M,1.67M,1.73M,1.79M,1.77M,1.96M,2.07M,2.24M,2.05M
American Samoa,,,,,,,,,,,,,,2600,2600,2250,2250,2570,2710,3320,3900,4130,4320,4560,4700,4800,,,,,,,,,,,,,,,,,,,,,,,,,,,,,,,,,,,
Antigua and Barbuda,,,,,,,,,,,,,,,,,,3360,3810,4680,5680,6370,7020,7920,9090,10.4k,11.1k,13k,16k,17.1k,17.9k,19.2k,19.7k,21k,22.6k,21.6k,23.4k,24.8k,26.1k,26.9k,27.8k,27.1k,26.7k,27.8k,29.4k,32.5k,36.3k,40.5k,41.4k,36.7k,34.4k,33.4k,34.7k,33.7k,34.7k,36.1k,38.3k,39.3k,42.8k,44k,37.1k
Australia,1620,1670,1660,1750,1900,2040,2090,2290,2410,2630,2920,3090,3370,3730,4380,5140,5940,6730,7230,8080,9070,10.2k,11.4k,12.2k,13.6k,14.7k,16k,17.3k,19.3k,21.3k,22.9k,23k,23.2k,24.5k,25.5k,26.5k,27.8k,29k,30.5k,31.8k,33.6k,35.4k,37.4k,39.2k,41.7k,43.7k,46.4k,49.9k,53.2k,56.1k,56.8k,60.9k,64k,64.8k,66.3k,66.8k,66.9k,69.6k,71.5k,74.3k,75.5k
Austria,1760,1940,2040,2190,2380,2580,2790,2940,3140,3420,3910,4350,4930,5560,6320,6720,7420,8200,8670,9530,10.2k,10.9k,11.7k,12.5k,13.1k,13.8k,14.5k,15k,15.8k,16.9k,18k,19k,19.9k,20.4k,21.3k,22.1k,22.9k,23.6k,24.5k,25.1k,26.4k,27k,27.9k,28.5k,29.6k,30.8k,32.5k,34.2k,35.6k,34.5k,35.7k,37.1k,37.8k,38.3k,39k,39.4k,40.9k,41.6k,43.2k,44.6k,42.5k
Azerbaijan,,,,,,,,,,,,,,,,,,,,,,,,,,,,,,,,,,4.2,49.4,277,351,402,436,492,576,639,719,838,966,1320,1940,2820,4110,3690,4410,5290,5560,5870,6010,5460,5820,6870,7670,7860,7130
Burundi,3460,3520,3630,3880,4260,4290,4310,4490,4450,4570,5920,6040,5770,6570,7260,8770,10000,12.5k,13.6k,17.2k,20k,20.4k,20.7k,22.2k,25.2k,28.7k,27.6k,27.1k,28.8k,32.8k,35.2k,37.7k,39.2k,38.9k,39.1k,41.2k,42.7k,55.3k,64.1k,71.6k,100k,110k,113k,120k,137k,161k,171k,186k,235k,258k,287k,312k,363k,400k,424k,480k,467k,506k,485k,483k,527k
Belgium,1600,1690,1800,1920,2120,2290,2450,2610,2780,3070,3480,3800,4240,4790,5600,6180,7010,7550,8100,8610,9330,9790,10.5k,11.2k,12.1k,12.9k,13.5k,14.1k,15k,16.2k,17.1k,17.9k,18.8k,19.4k,20.6k,21.2k,21.6k,22.5k,23.4k,24.2k,25.7k,26.2k,26.9k,27.6k,28.9k,30k,31.3k,32.8k,33.6k,32.7k,33.8k,34.1k,35.6k,36.1k,36.7k,37.5k,38.3k,39.5k,40.6k,42k,40k
Benin,22.7k,23.4k,23.1k,24.4k,25.5k,26.9k,27.7k,27.5k,28.8k,29.9k,31.4k,30.7k,33.8k,36.1k,42.1k,44.3k,49.9k,53.7k,59.5k,69.8k,79.7k,91.6k,106k,102k,107k,108k,103k,102k,102k,96.9k,105k,107k,108k,115k,152k,180k,194k,208k,223k,338k,363k,378k,396k,410k,419k,433k,445k,460k,501k,510k,510k,532k,581k,615k,635k,631k,639k,653k,682k,707k,735k
Burkina Faso,17k,17.7k,19.2k,19.4k,19.9k,19.9k,20.2k,20.7k,20.9k,22.4k,22.5k,23.2k,25k,25.4k,29.8k,32.3k,36.8k,42.7k,50.6k,55.5k,59.6k,68.7k,80.1k,82.5k,84.4k,89.9k,88.7k,87.2k,92.8k,96.8k,95.6k,97.4k,95.2k,94.3k,106k,117k,128k,134k,151k,185k,181k,195k,202k,215k,219k,239k,247k,255k,286k,290k,311k,340k,377k,378k,374k,369k,390k,411k,433k,442k,459k
Bangladesh,,,,,,,,,,,,,,933,1450,2460,2090,2020,2650,3050,3530,4110,4500,5000,5500,6490,7150,8060,8640,9380,10.3k,10.7k,11.3k,11.7k,12.4k,13.6k,16.6k,17.6k,19k,20.3k,21.7k,23.1k,24.7k,26.9k,29.2k,32.1k,36.2k,41k,46.9k,52.1k,58.4k,66.2k,75.8k,84.8k,92.8k,103k,116k,129k,146k,163k,174k
Bulgaria,,,,,,,,,,,,,,,,,,,,,2.86,3.1,3.23,3.32,3.53,3.62,3.82,4.03,4.19,4.33,4.79,14.1,23.1,34.7,61,148,253,2220,3140,3010,3360,3880,4440,4790,5400,6160,6880,7800,9250,9520,9910,10.7k,11.2k,11.1k,11.5k,12.1k,13k,14.2k,15.1k,16.8k,17k
Bahrain,,,,,,,,,,,,,,,,,,,,,3000,3460,3540,3550,3500,2940,2300,2510,2640,2740,3370,3550,3440,3510,3640,3860,3950,3860,3690,3750,5000,4670,4640,5110,5700,6580,7110,7780,8360,6520,7070,7360,8600,8960,8940,8030,8030,8430,8560,8340,7130
Bahamas,1390,1480,1580,1680,1790,1930,2090,2300,2520,2890,3010,3120,3140,3500,3580,4340,2940,3190,3500,4880,5700,5920,6570,7080,8160,9120,9580,10.4k,10.7k,11.6k,11.7k,11.2k,11.4k,10.9k,11.3k,13.9k,15.6k,21.5k,22.8k,25.7k,26.6k,26.8k,28.3k,27.8k,28k,29.7k,30.1k,30.8k,30.5k,28.2k,27.9k,27.5k,28.7k,27.8k,28.9k,30.5k,30.3k,30.9k,31.1k,32.2k,23.8k
Bosnia and Herzegovina,,,,,,,,,,,,,,,,,,,,,,,,,,,,,,,,,,,449,608,1020,1600,2320,2660,3450,3660,3960,4100,4640,4880,5490,6170,7050,6890,6960,7220,7330,7660,7920,8390,8840,9280,10k,10.7k,10.3k
Belarus,,,,,,,,,,,,,,,,,,,,,,,,,,,,,,,40µ,90µ,0.0009,0.00963,0.174,1.19,1.89,3.62,6.97,30.2,91.1,172,264,374,513,675,823,1010,1340,1460,1760,3210,5670,6850,8270,9100,9550,10.8k,12.5k,13.9k,15k
Belize,433,449,465,479,499,537,578,607,624,639,704,748,794,936,1200,1440,1460,1640,1860,2070,2720,2630,2340,2400,2580,2460,2660,3150,3510,3920,4310,4560,5180,5480,5510,5780,5760,5700,5710,5800,6300,6280,6540,6640,6760,6960,7450,7440,7730,7800,7680,8260,8300,8450,8660,9010,9110,9230,9190,9320,7940
Bermuda,,,,,,,,,,,,,,,,,,,,,,,,,,,,,,,,,,,,,,,,,,,,,,,,,,,104k,100k,103k,104k,102k,106k,110k,116k,117k,119k,110k
Bolivia,,,,,,,,,,,,,,,,,0.0106,0.0121,0.0136,0.0158,0.0187,0.0237,0.057,0.198,2.98,356,1110,1290,1550,1780,2130,2600,2970,3220,3590,4100,4690,5120,5670,5690,6000,6110,6320,6690,7340,8010,9430,10.4k,12k,11.8k,13.1k,15.6k,16.9k,18.8k,20.2k,20.3k,20.9k,22.5k,23.9k,24k,21.4k
Brazil,,,,,,,0,0,0,0,0,0,0,0,0,0,0,0,0,0,0,0,0,0,0,0,10µ,30µ,0.00021,0.00307,0.0755,0.389,4.08,87.7,2150,4290,5050,5510,5640,5980,6660,7180,8010,9150,10.3k,11.3k,12.5k,14k,15.8k,16.8k,19.2k,21.6k,23.6k,26.2k,28k,28.8k,29.8k,31.1k,32.5k,34.2k,34.4k
Barbados,,,,,,,,,,,,,,,,,,,,,,,,,,,11.9k,13k,13.8k,15.3k,15.2k,15.2k,14.7k,15.4k,16k,16.3k,17.3k,18.3k,20.5k,21.3k,21.8k,21.6k,21.9k,22.4k,24.2k,26.4k,28.6k,32.2k,32.4k,30.4k,31.3k,30.8k,31.3k,31.5k,31.6k,31.6k,32.3k,33.2k,33.9k,35.1k,29.5k
Brunei,,,,,,,,,,,,,,,,,,,,,,,,,,,,,,23.2k,24.7k,24k,24.9k,23.6k,21.6k,22.6k,23.7k,24.7k,21.2k,23.9k,31.1k,29.5k,30.2k,32.3k,37k,43.4k,49.2k,49.5k,54k,40.9k,47.7k,57.6k,58.2k,55.4k,52.8k,45k,40.3k,41.8k,42.9k,43.5k,39k
Bhutan,,,,,,,,,,,,,,,,,,,,,1990,2240,2370,2560,3180,3430,4090,5540,6720,7820,8870,9300,10.3k,11.6k,14.1k,15.4k,17.6k,21.1k,22.5k,24.4k,32.2k,36.1k,40.5k,43.8k,47.3k,53.4k,60.1k,71.7k,77.3k,84.4k,97.4k,112k,125k,135k,150k,164k,180k,195k,202k,213k,209k
Botswana,48.5,51.5,54.4,57.2,61.2,65.8,71.4,76.4,84.5,96.9,115,144,191,246,294,354,420,475,587,772,878,999,1120,1250,1420,1810,2170,2510,3760,4560,5330,6110,6590,7710,7550,8870,10.2k,11.6k,13.2k,15k,16.9k,18.7k,17.6k,19.4k,21.3k,25.8k,29.7k,33.4k,36.3k,36.7k,41.5k,50.9k,53.1k,58k,67.7k,66.1k,77k,76.4k,76.8k,77.2k,73.5k
Central African Republic,18.2k,19.7k,19.6k,20k,21.6k,22.4k,23.1k,23.5k,26.8k,27.3k,28.6k,29.8k,30.8k,31.5k,34.9k,41.2k,53.9k,61k,66.1k,69.1k,76.8k,83.8k,104k,103k,111k,152k,148k,134k,137k,140k,138k,133k,125k,117k,147k,170k,153k,159k,161k,172k,176k,182k,180k,170k,168k,173k,184k,193k,206k,224k,243k,261k,290k,190k,212k,226k,241k,275k,284k,295k,293k
Canada,,,,,,,,,,,4260,4510,4990,5780,6800,7550,8560,9320,10.2k,11.5k,12.8k,14.3k,14.9k,16.1k,17.5k,18.8k,19.5k,21k,22.6k,23.8k,24.2k,24.2k,24.4k,25.2k,26.3k,27.4k,28.1k,29.4k,30.1k,32k,35.1k,35.9k,37.1k,38.7k,40.9k,43.2k,45.2k,47.3k,49.1k,45.9k,48k,50.7k,51.7k,53.4k,55.4k,54.9k,55.4k,57.8k,59.3k,60.7k,57.4k
Channel Islands,,,,,,,,,,,1010,1160,1350,1770,2130,2430,2880,3270,3900,4310,5170,5560,6090,6700,7010,7510,,,,,,,,,,,,,24.9k,26k,27.8k,28.3k,28.9k,29.3k,30k,30.9k,32.7k,35.2k,,,,,,,,,,,,,
Switzerland,8000,8800,9500,10.2k,11.1k,11.5k,12.3k,13k,13.8k,14.8k,,,,,,,,,,,,,,,,,,,,,,,,,,60.6k,61k,62.9k,64.8k,66.1k,69.9k,69.5k,68k,70.8k,72.3k,76k,79.6k,78.8k,75.5k,79.7k,84.8k,81.8k,82.8k,83.3k,82.3k,82.6k,81.5k,81k,81.1k,81.8k,78.8k
Chile,0.546,0.601,0.692,1.03,1.53,2.1,2.94,3.73,5.07,7.28,10.3,13.2,24.3,117,911,3400,12.2k,26.8k,44.3k,69.9k,96k,111k,101k,123k,143k,205k,263k,356k,459k,570k,720k,928k,1.16M,1.38M,1.62M,1.95M,2.13M,2.34M,2.45M,2.45M,2.64M,2.81M,2.94M,3.1M,3.47M,3.89M,4.41M,4.88M,5.18M,5.34M,6.07M,6.57M,7.08M,7.45M,8.05M,8.61M,9.02M,9.33M,9.73M,9.99M,10M
China,220,187,175,183,210,242,257,238,225,246,279,292,296,313,314,332,321,344,385,423,468,496,533,591,705,868,973,1120,1380,1540,1670,1920,2340,3020,4070,5010,5810,6410,6750,7130,7850,8590,9410,10.6k,12.5k,14.3k,16.7k,20.5k,24.3k,26.1k,30.7k,35.9k,39.7k,43.1k,47k,49.7k,53.5k,59.5k,65.2k,69.9k,71.5k
Cote d'Ivoire,38.9k,41.2k,40.8k,45.7k,54k,51.8k,55.5k,56.7k,65.3k,70k,76.9k,78.4k,80.9k,91.8k,117k,125k,160k,212k,233k,240k,255k,256k,263k,256k,291k,285k,285k,258k,250k,232k,210k,208k,203k,207k,305k,352k,391k,424k,455k,451k,420k,431k,437k,430k,434k,472k,477k,488k,533k,549k,578k,547k,614k,668k,751k,1.14M,1.17M,1.19M,1.24M,1.3M,1.3M
Cameroon,,,,,,,,31.6k,35.3k,39.2k,43.1k,46.1k,50.5k,51.6k,62.3k,73.1k,79.8k,81.9k,118k,142k,136k,182k,223k,261k,316k,369k,390k,361k,328k,301k,272k,258k,241k,341k,356k,379k,385k,416k,434k,453k,456k,472k,498k,533k,563k,566k,592k,599k,632k,661k,663k,684k,706k,741k,786k,806k,824k,838k,864k,879k,866k
"Congo, Dem. Rep.",,,,,,,,,,,,,,,,,,,,,,,,,,,,,,,,,,,1.52,8.24,63.4,170,209,1030,27.4k,43.7k,58.6k,68.7k,75.2k,99.1k,116k,142k,171k,232k,290k,338k,369k,385k,412k,427k,466k,665k,885k,930k,981k
"Congo, Rep.",31.2k,35k,37.4k,37.8k,39.7k,41.3k,44.9k,47.4k,48.9k,52.4k,55.9k,63.5k,72.5k,80.3k,91.9k,103k,108k,110k,111k,136k,184k,279k,353k,378k,452k,443k,308k,323k,255k,282k,268k,265k,272k,239k,319k,226k,267k,338k,296k,333k,518k,448k,458k,440k,476k,734k,954k,910k,1.14M,1.02M,1.41M,1.51M,1.89M,1.87M,1.89M,1.44M,1.17M,1.08M,1.23M,1.09M,897k
Colombia,1660,1830,1990,2450,2950,3190,3770,4090,4680,5230,6030,6930,8230,10.3k,13.5k,16.4k,21.1k,28k,34.8k,44.7k,58.3k,71.2k,86.7k,103k,126k,158k,211k,267k,352k,439k,691k,883k,1.11M,1.45M,1.85M,2.28M,2.66M,3.16M,3.6M,3.83M,5.15M,5.47M,5.84M,6.34M,7.06M,7.73M,8.6M,9.5M,10.4M,10.9M,11.6M,13M,13.9M,14.8M,15.8M,16.7M,17.7M,18.5M,19.4M,20.6M,19.3M
Comoros,,,,,,,,,,,,,,,,,,,,,146k,168k,186k,217k,233k,247k,263k,269k,272k,274k,284k,282k,280k,287k,288k,315k,311k,318k,317k,334k,345k,375k,388k,407k,418k,422k,436k,446k,465k,474k,488k,511k,536k,558k,561k,553k,569k,580k,593k,605k,608k
Cape Verde,,,,,,,,,,,,,,,,,,,,,19.7k,23.6k,27k,31.4k,35.4k,39.3k,47.6k,53k,58.6k,63.7k,64.1k,66.2k,68.5k,108k,88.4k,96.4k,104k,112k,123k,144k,147k,158k,160k,174k,176k,180k,199k,251k,273k,272k,269k,285k,285k,290k,283k,291k,301k,311k,330k,347k,289k
Costa Rica,2130,2100,2180,2250,2290,2410,2540,2660,2860,3090,3480,3700,4100,4960,6310,7750,9320,11.6k,12.9k,14.3k,16.5k,20.7k,32.7k,44.6k,56.1k,67.1k,82.3k,92.2k,109k,129k,160k,268k,342k,395k,472k,579k,662k,782k,907k,1.01M,1.11M,1.24M,1.39M,1.58M,1.85M,2.15M,2.59M,3.07M,3.56M,3.77M,4.19M,4.51M,4.91M,5.17M,5.6M,5.96M,6.27M,6.58M,6.81M,7.01M,6.69M
Cuba,,,,,,,,,,,641,765,843,885,984,1110,1160,1200,1390,1430,1430,1660,1760,1870,2070,2040,1940,1890,1970,1980,1990,1640,1500,1510,1910,2140,2240,2260,2290,2510,2690,2790,2940,3150,3340,3730,4630,5120,5320,5380,5600,6050,6410,6760,7040,7600,7950,8420,8690,,
Cayman Islands,,,,,,,,,,,,,,,,,,,,,,,,,,,,,,,,,,,,,,,,,,,,,,,,,,,57.8k,58.2k,41.1k,36.8k,36.1k,37.7k,39.3k,45.5k,50k,57.6k,53.6k
Cyprus,,,,,,,,,,,,,,,,,1150,1470,1750,2150,2580,2910,3370,3680,4280,4690,4940,5440,6030,6750,7480,7640,8620,8880,9690,11.2k,11.5k,11.8k,13.7k,13.4k,14k,15.1k,15.9k,17.2k,18k,19k,20.1k,21.4k,23.8k,23k,23.1k,23.9k,22.3k,20.6k,19.9k,21k,21.3k,22.9k,23.9k,24.9k,22.7k
Czech Republic,,,,,,,,,,,,,,,,,,,,,,,,,,,,,,,,,94.8k,115k,133k,153k,175k,188k,206k,215k,228k,245k,254k,268k,288k,307k,323k,351k,366k,352k,353k,356k,364k,369k,385k,409k,423k,455k,481k,510k,514k
Germany,,,,,,,,,,,5190,5750,6230,6910,7480,7880,8580,9150,9800,10.6k,11.3k,11.8k,12.3k,12.9k,13.7k,14.3k,15k,15.4k,16.3k,17.3k,18.6k,19.9k,21.2k,21.6k,22.5k,23.2k,23.5k,23.9k,24.4k,24.9k,25.5k,26.2k,26.4k,26.5k,27.6k,28k,29.4k,30.8k,31.3k,30.5k,32k,34.4k,35k,35.7k,36.9k,37.9k,39k,40.5k,41.9k,43.2k,41.6k
Djibouti,,,,,,,,,,,,,,,,,,,,,,,,,,,,,,,,141k,144k,141k,145k,145k,141k,138k,137k,139k,140k,142k,144k,150k,159k,166k,177k,192k,225k,230k,242k,260k,283k,405k,433k,467k,483k,494k,532k,590k,591k
Dominica,,,,,,,,,,,,,,,,,,1690,2070,1980,2620,2960,3230,3560,3910,4320,4940,5620,6430,6920,7540,8140,8680,9120,9630,9920,10.4k,10.9k,11.8k,11.8k,11.4k,12.2k,11.8k,12.2k,12.8k,12.8k,14.3k,15.3k,16.8k,18.1k,18.5k,18.7k,18.1k,18.2k,21.1k,19.7k,21.2k,19.2k,20.8k,22.6k,19.4k
Denmark,,,,,,,17.1k,18.6k,20.6k,23.3k,25.6k,28k,31.8k,36.9k,40.8k,45.7k,53k,58.8k,65.4k,72k,77k,83.6k,94.8k,105k,115k,125k,135k,142k,147k,154k,161k,167k,173k,175k,187k,194k,203k,213k,220k,231k,243k,252k,259k,264k,279k,295k,313k,320k,332k,315k,332k,339k,347k,355k,364k,369k,377k,389k,400k,410k,413k
Dominican Republic,201,187,228,253,268,226,241,246,250,276,328,360,426,481,582,699,748,834,861,979,1110,1170,1270,1340,1580,2280,2590,3160,4500,5770,8080,16.4k,18.8k,20.5k,22.9k,26.1k,28.4k,33.3k,37.2k,40.2k,44.4k,47.6k,52.4k,66.4k,95.8k,113k,130k,148k,169k,175k,197k,216k,231k,248k,274k,299k,321k,345k,381k,405k,391k
Algeria,1440,1290,936,1150,1180,1200,1120,1220,1370,1490,1620,1660,1980,2180,3400,3660,4240,4670,5500,6520,8080,9220,9700,10.7k,11.9k,12.6k,12.6k,13.2k,13.7k,16.2k,20.8k,30.2k,37k,40.7k,50.7k,65.6k,83k,89.2k,89.9k,101k,126k,130k,136k,157k,180k,217k,243k,270k,315k,279k,332k,394k,428k,428k,432k,410k,428k,449k,471k,465k,411k
Ecuador,375,338,311,365,437,450,445,455,446,523,467,435,488,571,945,1100,1240,1470,1540,1770,2160,2570,2250,1880,1790,1770,1540,1350,1210,1250,1370,1510,1600,1650,1940,2050,2070,2270,2200,1470,1350,1800,2080,2310,2560,2870,3200,3430,4150,4150,4570,5120,5600,5960,6280,6010,5940,6070,6120,6040,5440
Egypt,,,,,,73.8,77.7,78.7,76.9,79.2,92,94.8,98.9,107,116,135,166,198,226,281,336,341,461,535,619,694,791,978,1150,1390,1660,1970,2380,2600,2880,3290,3630,4120,4390,4580,4960,5170,5310,5730,6530,7110,8070,9610,11.3k,12.9k,14.3k,15.8k,18.9k,20.5k,23k,26k,28.3k,35.3k,44k,51.1k,55.4k
Eritrea,,,,,,,,,,,,,,,,,,,,,,,,,,,,,,,,,969,1090,1480,1700,1980,2240,2500,2530,2970,3570,4070,4590,5540,5920,6340,6730,6870,9070,7610,9770,,,,,,,,,
Spain,142,162,187,219,242,278,318,356,396,449,504,562,654,781,950,1100,1300,1640,1980,2300,2640,2930,3340,3780,4250,4740,5410,6040,6700,7520,8360,9150,9790,10.1k,10.6k,11.5k,12.1k,12.8k,13.6k,14.6k,15.9k,16.9k,17.9k,18.9k,19.8k,21k,22.2k,23.2k,23.5k,22.6k,22.7k,22.4k,21.9k,21.7k,22.1k,23.2k,24k,24.9k,25.7k,26.5k,23.8k
Estonia,,,,,,,,,,,,,,,,,,,,,,,,,,,,,,,,,,,,,,,,,4250,4790,5370,6010,6770,7990,9520,11.3k,11.8k,10.3k,10.6k,12k,13.1k,14.1k,14.9k,15.5k,16.3k,17.7k,19.2k,20.7k,
Ethiopia,,,,,,,,,,,,,,,,,,,,,,421,431,464,425,481,484,501,502,510,523,559,568,700,718,833,913,909,853,893,1010,999,950,1020,1170,1400,1690,2150,3020,3960,4390,5700,8040,9070,10.8k,12.8k,15.1k,17.1k,20.1k,23.9k,29.2k
Finland,635,714,758,817,916,1010,1080,1170,1340,1530,1760,1930,2230,2700,3390,3890,4400,4790,5290,6130,7060,7910,8820,9770,10.9k,11.8k,12.7k,13.7k,15.5k,17.1k,17.9k,16.9k,16.1k,16.1k,17.1k,18.7k,19.5k,21.2k,22.9k,24.3k,26.2k,27.9k,28.6k,28.9k,30.6k,31.5k,33.1k,35.5k,36.6k,34.5k,35.5k,36.9k,37.3k,37.7k,38.3k,39k,39.8k,41.1k,42.5k,43.7k,43.4k
Fiji,218,220,222,223,239,241,245,259,279,297,353,380,464,602,793,953,1040,1090,1140,1350,1530,1610,1620,1620,1780,1830,2020,2010,2170,2380,2620,2700,2990,3230,3330,3500,3760,3740,3970,4570,4490,4580,4960,5350,5740,6220,6180,6360,6480,6550,6790,7600,7920,8740,10.1k,10.6k,11.2k,11.6k,12.3k,12.2k,10.3k
France,1010,1080,1200,1320,1450,1540,1660,1770,1920,2190,2430,2690,2980,3380,3910,4380,5040,5650,6390,7280,8250,9260,10.5k,11.6k,12.5k,13.4k,14.4k,15.1k,16.2k,17.3k,18.2k,18.7k,19.3k,19.4k,20k,20.5k,21.1k,21.8k,22.8k,23.6k,24.7k,25.5k,26k,26.5k,27.6k,28.4k,29.6k,30.9k,31.6k,30.6k,31.4k,32.3k,32.5k,32.8k,33.1k,33.7k,34.2k,35.1k,36k,37k,34.7k
Faeroe Islands,5620,6160,6610,7800,8760,9780,10.8k,11k,11.6k,12.2k,14.6k,16.7k,18.7k,21.6k,26.7k,28.8k,35.1k,44.2k,45.9k,48.5k,57.1k,64.7k,74.7k,89.6k,95k,103k,114k,121k,,,,,,,,,,,166k,175k,190k,209k,218k,215k,221k,225k,255k,269k,261k,249k,277k,295k,302k,325k,346k,362k,397k,410k,409k,441k,
"Micronesia, Fed. Sts.",,,,,,,,,,,,,,,,,,,,,,,,1380,,,,,,,,,,2100,2110,2160,2110,1930,2030,2100,2230,2300,2310,2330,2320,2440,2490,2560,2610,2880,2990,3100,3280,3240,3210,3450,3510,3740,3660,3990,3970
Gabon,66k,77.1k,82.1k,85.9k,91.9k,94.7k,102k,109k,117k,133k,144k,164k,166k,238k,538k,663k,1.02M,966k,705k,801k,1.12M,1.29M,1.42M,1.5M,1.81M,1.68M,1.29M,1.05M,1.18M,1.36M,1.53M,1.4M,1.28M,1.27M,1.94M,1.98M,2.27M,2.36M,2M,2.1M,2.49M,2.56M,2.61M,2.55M,2.56M,3.27M,3.28M,3.45M,3.94M,3.22M,3.8M,4.39M,4.51M,4.32M,4.52M,4M,3.82M,3.93M,4.13M,4.18M,3.75M
Isle of Man,,,,,,,,,,,707,699,829,1030,1150,1400,1770,1980,2160,2580,3010,3200,3140,3530,3630,3770,4440,5110,5810,6510,7240,7740,8050,8170,8490,9020,9780,10.9k,12.1k,13.6k,14.3k,15.6k,16.7k,18.2k,20k,21.6k,23.9k,26.5k,28.4k,29.2k,45.6k,49.2k,51.1k,54.9k,55.7k,53.7k,54.3k,59.2k,63.4k,64.5k,
United Kingdom,,,,,,,,,,,1060,1180,1310,1510,1710,2140,2540,2920,3380,3950,4590,5050,5520,6070,6510,7060,7610,8370,9340,10.2k,11k,11.6k,12.1k,12.7k,13.5k,14.2k,15.1k,16.1k,17.1k,17.7k,18.7k,19.5k,20.3k,21.4k,22.3k,23.5k,24.3k,25.2k,25.6k,24.8k,25.7k,26.5k,26.7k,27.4k,28.4k,29k,30k,31.3k,32.3k,33.5k,31.6k
Georgia,,,,,,,,,,,,,,,,,,,,,,,,,,,,,,,,,0.0304,3.28,183,499,841,1090,1250,1440,1500,1670,1880,2170,2540,3010,3630,4420,4930,4700,5660,6590,7230,7550,8260,8900,9170,10.4k,11.5k,12.7k,12.6k
Ghana,0.0129,0.0134,0.0138,0.0148,0.0163,0.0187,0.0189,0.0181,0.0198,0.0229,0.0253,0.0273,0.0301,0.0366,0.0475,0.0525,0.0635,0.107,0.198,0.26,0.386,0.638,0.738,1.52,2.16,2.64,3.8,5.35,7.35,9.65,12.8,15.7,17.6,23.6,30.8,44.6,63.6,77.3,92.3,107,137,189,236,312,367,440,831,1000,1280,1510,1830,2280,2750,4550,5520,6390,7410,8580,9900,11.2k,12.7k
Guinea,,,,,,,,,,,,,,,,,,,,,,,,,,,109k,142k,179k,217k,262k,329k,422k,443k,457k,493k,508k,525k,546k,583k,619k,636k,671k,726k,846k,1.06M,2.31M,2.74M,3.25M,3.16M,3.81M,4.25M,4.93M,5.06M,5.34M,5.66M,6.45M,7.74M,8.31M,9.24M,10.4M
Gambia,,,,,,,190,201,196,209,235,234,234,248,310,384,452,556,599,626,640,651,708,752,881,1290,1870,2130,2090,2210,2400,5900,6020,6320,6380,6520,7000,6630,7010,7010,7300,7570,7730,9140,18.9k,18.6k,18.1k,19k,20.2k,21.8k,23.6k,22k,23.3k,24.6k,24.8k,27.4k,29.4k,31.1k,34.7k,38k,39.2k
Guinea-Bissau,,,,,,,,,,,61.3,58.9,64.5,70.7,79.3,92.7,89.7,87.1,104,115,103,127,151,177,302,450,833,1560,2830,5860,8040,13.6k,22.2k,32.9k,41.2k,60.2k,92k,131k,98.3k,110k,212k,225k,226k,211k,209k,226k,223k,235k,263k,260k,275k,334k,316k,307k,319k,365k,402k,430k,431k,448k,426k
Equatorial Guinea,,,8520,9980,11.5k,14.1k,14.6k,15.3k,15.8k,15.5k,15.4k,15.2k,14.5k,17.1k,20.5k,23.5k,28.1k,32.7k,,,21.6k,21.1k,26.7k,37.7k,45.8k,73.9k,66.5k,69.1k,70.5k,63.6k,77.7k,79k,88.6k,90.9k,107k,119k,186k,421k,307k,551k,794k,682k,870k,782k,1.09M,2.94M,5.29M,6.1M,7.61M,5.21M,5.02M,6.6M,7.35M,6.88M,6.51M,5.03M,4.25M,4.13M,4.25M,3.6M,3.06M
Greece,46.5,52.8,55.2,62.2,70.3,80.4,89,95.4,103,118,,,,,,,,,,,,,,,,,,,,,,,,,,,,,,,,,,,,,19.4k,20.5k,21.2k,20.9k,19.7k,17.8k,17.2k,16.4k,16.4k,16.3k,16.1k,16.4k,16.5k,16.9k,15.4k
Grenada,,,,,,,,,,,,,,,,,,2100,2630,3060,3300,3300,3480,3580,3860,4390,4910,5660,6330,7180,7460,8230,8470,8280,8600,8850,9400,9980,11.2k,12k,12.8k,12.5k,12.8k,14k,13.8k,17.2k,17.2k,18.4k,20.1k,18.1k,18.6k,18.9k,19.2k,20.3k,20.5k,21.7k,23.6k,24.5k,25.5k,26.4k,25.3k
Greenland,,,,,,,,,,,10.1k,12.5k,13.8k,15.6k,18.9k,22.1k,26.4k,30.9k,36k,40.2k,48.1k,55.2k,60.7k,66.6k,69.1k,76.6k,83.7k,92.2k,102k,115k,105k,109k,105k,102k,109k,116k,121k,123k,134k,137k,150k,156k,159k,161k,168k,175k,174k,197k,,,,,,,,,,,,,
Guatemala,250,250,258,277,276,276,280,284,305,316,342,348,359,431,519,584,689,851,922,1030,1140,1210,1180,1200,1210,1390,1900,2070,2340,2630,3690,5030,5580,6490,7360,8190,8930,9860,11.1k,11.8k,12.8k,12.1k,13k,13.6k,14.5k,15.5k,16.7k,18.6k,20.8k,21.2k,22.4k,24.4k,25.7k,27k,28.5k,29.8k,31k,32k,33k,35k,34.9k
Guyana,469,504,492,440,478,518,536,582,608,658,700,740,799,840,1230,1550,1430,1390,1560,1610,1800,1820,1610,1620,1790,2150,2340,3400,4250,9350,15.4k,32.1k,44k,62.6k,83.5k,99.9k,121k,127k,132k,149k,163k,166k,172k,182k,201k,215k,620k,737k,821k,859k,936k,999k,1.11M,1.14M,1.12M,1.16M,1.2M,1.26M,1.27M,1.37M,1.22M
"Hong Kong, China",2320,2590,2810,3110,3480,3870,3920,4150,4330,5010,5810,6570,7760,9690,10.7k,11k,13.9k,15.9k,18.3k,22.7k,28k,32.9k,36.6k,39.8k,47.5k,49.8k,56.6k,68.9k,80.9k,92.1k,102k,116k,134k,159k,174k,183k,190k,211k,204k,199k,202k,201k,194k,191k,198k,208k,224k,246k,260k,245k,258k,281k,289k,304k,319k,335k,348k,375k,399k,398k,379k
Honduras,338,339,356,365,395,422,443,464,487,492,516,505,538,592,667,695,794,955,1740,1920,2070,2050,2070,2140,2280,2380,2480,2620,2820,3120,3860,4550,4830,5670,6700,8540,9990,12k,13.4k,14k,15.7k,16.9k,17.9k,19.2k,21k,23.5k,25.7k,28.9k,31.9k,33.1k,34.3k,37.4k,38.9k,39.8k,42.6k,47.1k,49.7k,54.1k,55.3k,58.3k,55.1k
Croatia,,,,,,,,,,,,,,,,,,,,,,,,,,,,,,,,,,,,25.7k,28.6k,32.7k,35.9k,36.5k,39.7k,44.2k,48.7k,52.7k,57.8k,61.7k,67.1k,73.6k,78.4k,74.6k,74.7k,76.3k,75.8k,77.4k,77.5k,81.3k,82.7k,89k,94.2k,99.9k,93.8k
Haiti,,,,,,,,,,,,,,,,,,,,,1210,1270,1240,1330,1450,1570,1780,1530,1910,1960,2190,2510,2810,3090,4200,5270,5940,6750,7720,8330,15.8k,17.5k,18.7k,21.9k,26.4k,30.3k,33.4k,37.5k,41.6k,48.2k,48.1k,52k,55.8k,61.9k,64.2k,67.5k,78.2k,90.2k,97.1k,111k,127k
Hungary,,,,,,,,,,,,,,,,,,,,,,,,,,,,,,,,,,348k,427k,541k,660k,806k,954k,1.06M,1.23M,1.42M,1.62M,1.78M,1.96M,2.1M,2.27M,2.37M,2.54M,2.53M,2.62M,2.72M,2.8M,2.98M,3.18M,3.38M,3.59M,3.85M,4.27M,4.74M,4.79M
Indonesia,4410,5160,14.3k,33.3k,71.9k,235k,3020,7920,19k,24k,28.7k,30.6k,36.4k,52.4k,80.1k,92.5k,112k,134k,156k,212k,295k,345k,373k,445k,513k,550k,584k,692k,773k,893k,1.03M,1.17M,1.32M,1.66M,1.92M,2.24M,2.59M,3M,4.38M,4.87M,6.13M,7.39M,8.13M,8.79M,9.81M,11.7M,13.9M,16.3M,20.3M,22.7M,27.6M,31.1M,33.7M,36.8M,40M,43.1M,45.9M,49.7M,53.8M,56.7M,54.9M
India,390,404,426,479,547,565,625,718,744,802,838,877,946,1130,1300,1360,1440,1590,1690,1810,2110,2420,2630,2990,3270,3610,3950,4380,5070,5700,6510,7320,8240,9320,10.7k,12.4k,14.1k,15.3k,17.2k,19k,20k,21.4k,22.6k,24.9k,28k,31.4k,36.2k,41.2k,45.7k,52k,61.2k,69.3k,77.6k,86.6k,95.1k,104k,114k,126k,138k,148k,142k
Ireland,330,356,383,409,462,493,516,560,631,721,839,946,1120,1320,1440,1790,2150,2570,2950,3410,3970,4730,5380,5830,6290,6730,7190,7710,8310,9210,10k,10.4k,10.8k,11.7k,12.6k,13.9k,15.2k,17.1k,19.4k,21.6k,24.9k,27k,29k,31.4k,33.1k,35.5k,37.9k,38.7k,36.1k,31.2k,30.7k,30.4k,30.8k,32.7k,35.3k,43k,46.3k,49k,51.9k,56.1k,56.9k
Iran,14.2k,14.5k,15k,15.3k,16.3k,18.2k,19.5k,21k,23.2k,25.5k,28k,34.2k,41.9k,58.9k,98k,108k,141k,162k,151k,173k,176k,202k,255k,314k,329k,334k,325k,379k,412k,496k,674k,934k,1.22M,1.78M,2.3M,3.2M,4.32M,5M,5.52M,7.35M,9.59M,11.1M,15.3M,18.5M,23.7M,29M,34.6M,45.6M,54.1M,56.3M,68.3M,85.7M,97.9M,131M,149M,146M,166M,190M,235M,295M,417M
Iraq,,,,,,,,,,,,,,,,,,,,,1190,779,831,812,927,919,877,1040,1130,1160,3160,2340,6190,17k,84.9k,332k,313k,695k,764k,1.48M,2.12M,1.69M,1.62M,1.15M,2.03M,2.48M,3.29M,3.86M,5.68M,4.63M,5.51M,7.06M,8.01M,8.21M,7.7M,5.42M,5.33M,5.86M,6.94M,7.03M,4.89M
Iceland,510,567,670,787,988,1170,1380,1380,1450,1780,2290,2890,3570,4940,7080,9880,13.7k,19.8k,30.3k,44.3k,70.6k,108k,166k,282k,366k,499k,660k,859k,1.04M,1.25M,1.45M,1.56M,1.54M,1.57M,1.65M,1.7M,1.82M,1.95M,2.16M,2.3M,2.43M,2.72M,2.98M,3M,3.2M,3.4M,3.69M,4.16M,3.9M,4.1M,4.27M,4.67M,5.03M,5.77M,6.03M,6.6M,7.14M,7.46M,7.65M,8.38M,7.79M
Israel,0.245,0.286,0.327,0.375,0.411,0.427,0.451,0.436,0.49,0.549,0.69,0.856,1.09,1.35,1.88,2.56,3.3,4.65,7.44,13.7,30.3,70.9,160,406,1910,7070,11k,14.1k,17.2k,20.3k,24.7k,30.4k,35.3k,39.8k,46.8k,53.2k,59.9k,65.5k,71.3k,75.8k,80.5k,81.9k,84.2k,83.4k,86.6k,91.6k,97k,102k,104k,107k,113k,119k,123k,129k,135k,138k,142k,146k,151k,156k,151k
Italy,260,287,320,364,395,423,455,497,536,588,686,745,812,972,1220,1390,1740,2100,2470,3020,3760,4470,5270,6140,7010,7860,8670,9500,10.6k,11.6k,12.7k,13.9k,14.6k,15k,15.9k,17.2k,18.2k,19.1k,19.9k,20.6k,21.7k,22.8k,23.6k,24.2k,25.1k,25.8k,26.8k,27.7k,27.6k,26.7k,27.1k,27.7k,27.2k,26.7k,26.8k,27.1k,28.1k,28.8k,29.6k,30.3k,28.2k
Jamaica,300,315,317,339,362,386,410,430,468,509,597,634,731,860,1110,1290,1280,1380,1680,1870,2030,2280,2490,2950,3600,4330,5750,6800,8020,9690,12.4k,18.2k,30.2k,52.7k,67.3k,86.1k,104k,111k,119k,127k,140k,151k,164k,189k,215k,240k,270k,303k,344k,360k,395k,423k,456k,489k,525k,556k,580k,630k,665k,696k,642k
Jordan,,,,,,185,189,167,137,158,137,137,152,163,197,218,268,320,359,431,494,599,656,675,677,667,726,706,686,681,734,721,848,873,938,985,993,1030,1110,1130,1180,1240,1290,1350,1480,1590,1840,2000,2500,2570,2630,2710,2740,2840,2900,2920,2940,2990,3040,3130,3030
Japan,170k,204k,229k,259k,302k,332k,382k,443k,519k,603k,739k,797k,901k,1.08M,1.27M,1.39M,1.54M,1.7M,1.86M,2M,2.15M,2.28M,2.39M,2.48M,2.62M,2.77M,2.9M,3.02M,3.23M,3.45M,3.7M,3.92M,4.01M,4M,4.12M,4.19M,4.31M,4.37M,4.3M,4.22M,4.28M,4.25M,4.18M,4.17M,4.22M,4.26M,4.3M,4.34M,4.23M,3.96M,4.05M,4M,4.03M,4.13M,4.23M,4.4M,4.44M,4.52M,4.56M,4.62M,
Kazakhstan,,,,,,,,,,,,,,,,,,,,,,,,,,,,,,,,,,1790,26.1k,63.7k,90k,108k,113k,131k,164k,208k,244k,293k,366k,452k,590k,727k,870k,943k,1.16M,1.46M,1.6M,1.89M,2.06M,2.18M,2.38M,2.69M,2.97M,3.29M,3.44M
Kenya,673,657,698,719,750,728,819,837,890,937,999,1070,1220,1340,1570,1710,1980,2450,2600,2840,3180,3520,3800,4180,4510,4900,5510,5920,6430,7210,7930,8730,9990,12k,14.1k,16.2k,23.6k,25.8k,27.9k,28.8k,30k,30.7k,30.4k,32.3k,35.4k,38.6k,49.3k,55.3k,62.3k,69.9k,75.1k,86.3k,95.7k,103k,114k,130k,153k,166k,179k,192k,197k
Kyrgyz Republic,,,,,,,,,,,,,,,,,,,,,,,,,,,,,,,,20.7,164,1180,2610,3460,4950,6300,6820,9470,12.5k,14.4k,14.6k,16.1k,17.6k,18.8k,21.4k,26.6k,33.9k,35.9k,37.9k,46.3k,54k,58.5k,65.8k,69.4k,74.2k,81.5k,87.3k,87.5k,87.1k
Cambodia,3900,3830,3830,4130,4330,4700,4880,5030,5490,6050,5700,9730,11.3k,23.1k,62.8k,,,,,,,,,,,,,,,,,,,,,777k,817k,888k,993k,1.09M,1.12M,1.22M,1.27M,1.39M,1.57M,1.85M,2.12M,2.47M,2.9M,2.92M,3.14M,3.41M,3.64M,3.91M,4.18M,4.44M,4.84M,5.26M,5.71M,6.29M,6.07M
Kiribati,,,,,,,,,,,,,,,,,,,764,742,567,558,725,818,692,694,714,786,850,811,855,1330,1410,1410,1500,1590,1500,1880,2230,2090,2230,2460,2440,2360,2250,2260,2180,2340,2480,2320,2420,2340,2620,2920,3430,4230,3800,4100,4240,4590,4290
St. Kitts and Nevis,,,,,,,,,,,,,,,,,,2650,2970,3580,4200,5020,5470,5590,6320,7070,8400,9600,11.2k,12.3k,14.3k,14.3k,15.4k,16.5k,18.3k,19.4k,20.2k,22.3k,22.3k,23.4k,24k,25.6k,26.5k,25.1k,27.3k,29.5k,34.9k,37.2k,40.2k,39.7k,40.3k,43k,42k,44.3k,45.1k,45.3k,49.7k,52.5k,53.1k,57.1k,50.8k
South Korea,10.1k,11.9k,14k,19.2k,26.7k,29.4k,37k,44.9k,56.4k,72k,88.3k,105k,128k,162k,229k,296k,402k,510k,682k,862k,1.03M,1.27M,1.44M,1.69M,1.92M,2.11M,2.45M,2.89M,3.45M,3.89M,4.67M,5.59M,6.34M,7.12M,8.32M,9.66M,10.7M,11.7M,11.5M,12.5M,13.8M,14.8M,16.4M,17.4M,18.9M,19.7M,20.7M,22.3M,23.5M,24.4M,26.7M,28M,29M,30M,30.9M,32.6M,34.1M,35.9M,36.9M,37.5M,37.6M
Kosovo,,,,,,,,,,,,,,,,,,,,,,,,,,,,,,,,,,,,,,,,,,,,,,,,,2120,2080,2310,2610,2740,2860,3000,3230,3440,3620,3780,4030,3870
Kuwait,,,,,,1250,1300,1270,1250,1220,1140,1400,1290,1390,3670,3740,3940,3950,4070,5950,6610,6320,5270,4790,4790,4530,4070,4020,3830,4590,3600,2300,,,,5960,6750,6500,5290,5500,6660,5800,5900,7060,8780,11.5k,14k,14.4k,16k,11.5k,12k,14.2k,15.3k,15.1k,13.7k,9980,9330,10.4k,11.4k,11.1k,
Lao,,,,,,,,,,,,,,,,,,,,,,,,,17.1k,28.9k,44.5k,48.8k,58.4k,101k,144k,165k,179k,206k,234k,292k,347k,425k,797k,1.94M,2.46M,2.79M,3.1M,3.6M,4.24M,4.95M,5.67M,6.58M,7.5M,7.85M,8.82M,10.3M,11.9M,13.6M,15.4M,16.6M,18.1M,19.2M,20.6M,21.5M,22.5M
Lebanon,,,,,,,,,,,,,,,,,,,,,,,,,,,,,,621k,858k,1.52M,3.39M,4.35M,4.9M,5.61M,6.13M,6.76M,7.14M,7.08M,6.9M,6.64M,6.59M,5.76M,6.71M,6.83M,7.02M,8.09M,9.35M,11M,11.5M,11.5M,11.9M,11.9M,11.5M,11.4M,11.4M,11.7M,12.1M,11.6M,16.8M
Liberia,,,,,,,,,,,,,,,,,,,,,,,,,,,,,,,,,,,,,,,,,271,254,252,193,233,247,290,352,434,432,467,566,612,677,664,659,680,657,620,601,562
Libya,,,,,,,,,,,,,,,,,,,,,,,,,,,,,,,,,,,,,,,,,,,4760,6100,7480,10.6k,12.5k,14.4k,17.7k,13k,15.3k,6810,16k,13.1k,8340,6250,5770,8300,10.9k,11.1k,5480
St. Lucia,,,,,,,,,,,,,,,,,,,,,3670,4140,3840,4100,5190,5750,6780,7340,8160,9110,10.2k,10.6k,11.7k,11.6k,12k,12.6k,12.9k,13k,13.9k,14.5k,14.4k,13.5k,13.7k,14.8k,15.6k,16.5k,19.8k,20.4k,21.7k,21.3k,22.4k,24k,24k,24.7k,25k,24.9k,26.3k,28.2k,29k,29.6k,22.4k
Liechtenstein,,,,,,,,,,,18.2k,19.6k,21.2k,22.9k,24.7k,26.7k,28k,29.3k,30.8k,32.3k,34k,37.7k,39.3k,40.4k,42.9k,46.8k,50k,55.4k,59.4k,63.3k,67.4k,71.7k,76.3k,81k,86.1k,91.4k,97k,103k,109k,118k,124k,113k,109k,104k,103k,112k,126k,140k,140k,118k,124k,111k,97.5k,128k,132k,133k,157k,176k,182k,,
Sri Lanka,678,662,675,687,717,721,732,774,883,952,1020,1000,1080,1270,1590,1720,1830,2190,2690,3540,4470,5540,6470,7690,9360,10000,10.9k,11.8k,13.1k,14.6k,18.4k,21.1k,23.9k,27.9k,31.8k,36.1k,41.2k,47.6k,54k,58.2k,65.7k,73.1k,81.7k,93.9k,107k,124k,147k,178k,215k,238k,313k,350k,420k,455k,487k,509k,551k,605k,642k,669k,665k
Lesotho,,,,,,,54.5,55,56.5,59.3,61.4,66.7,77,103,144,160,209,254,305,326,404,461,533,590,659,733,860,942,1130,1280,1450,1710,1940,2090,2300,2560,2820,3090,3300,3620,3860,5050,5830,6200,6680,6960,7630,8310,9950,9760,10.5k,11.2k,11.8k,12.9k,14.4k,16.4k,17k,16.7k,18k,18.3k,16.1k
Lithuania,,,,,,,,,,,,,,,,,,,,,,,,,,,,,,,,,,,,2130,2670,3220,3590,3520,3750,4030,4360,4750,5270,6210,7210,8630,9890,8700,8990,10k,10.8k,11.6k,12.3k,12.4k,13.1k,14.4k,15.7k,16.9k,17.2k
Luxembourg,1940,1930,2010,2120,2390,2420,2510,2530,2760,3180,4020,4070,4600,5480,6690,6570,7720,8080,8820,9580,10.6k,11.7k,14.3k,16.2k,17.7k,18.8k,20.1k,21k,22.8k,25.5k,27.6k,30.4k,31.5k,33.7k,34.4k,36.3k,37.7k,40k,40k,44k,46.6k,48.2k,47.3k,47k,55.5k,59.3k,57.9k,66.7k,64.1k,50k,56.8k,59.3k,67.3k,64.8k,67.6k,61.2k,64k,69.8k,70.3k,67k,71.9k
Latvia,,,,,,,,,,,,,,,,,,,,,,,,,,,,,,,,,,,,1650,1920,2230,2510,2600,2900,3210,3650,4160,4800,6040,7560,10k,11.1k,9490,8710,9590,10.7k,11.3k,11.9k,12.4k,12.9k,13.9k,14.9k,15.8k,15.5k
"Macao, China",,,,,,,,,,,,,,,,,,,,,,,28.5k,32.8k,39.2k,38.6k,42.2k,52k,58.4k,66.3k,76.1k,85.8k,109k,122k,133k,144k,141k,139k,127k,117k,116k,125k,130k,140k,171k,188k,215k,288k,287k,292k,370k,459k,515k,592k,624k,534k,530k,579k,625k,616k,
Morocco,842,811,922,1010,1030,1030,979,1010,1060,1160,1240,1330,1380,1480,1910,2020,2300,2630,2830,3100,4160,4310,4860,5150,5710,6370,7460,7490,8440,8780,9660,10.7k,10.8k,10.8k,11.9k,11.8k,13.3k,13k,13.9k,13.9k,13.9k,14.9k,15.4k,16.3k,17.2k,17.8k,19.2k,20.4k,22.4k,22.8k,23.6k,24.2k,24.6k,25.9k,26k,27.5k,27.9k,28.8k,29.7k,30.5k,28.6k
Moldova,,,,,,,,,,,,,,,,,,,,,,,,,,,,,,,,,,,,,2740,3140,3160,4330,5750,7020,8520,10.6k,12.6k,14.8k,17.4k,20.3k,24.1k,22.3k,32.3k,36.9k,40.3k,45.8k,50.8k,54.4k,60.6k,68.6k,74.5k,83.1k,81.9k
Madagascar,6300,6390,6590,6610,6810,6900,7510,7770,8170,8530,9370,9780,9720,10.3k,12.5k,12.9k,13.3k,14.5k,14.6k,17.3k,25k,28.3k,35.5k,41.4k,44.3k,48.4k,54.8k,61k,77.3k,85k,97.1k,95.1k,108k,118k,158k,232k,279k,293k,315k,343k,389k,433k,428k,449k,524k,627k,709k,815k,909k,904k,972k,1.06M,1.11M,1.16M,1.25M,1.33M,1.46M,1.56M,1.7M,1.82M,1.73M
Maldives,,,,,,,,,,,,,,,,,,,,,,,,,,4270,4380,5390,6620,7180,8300,9500,11.1k,12.5k,14.6k,17.6k,19.5k,21.4k,22.4k,24k,25k,36.2k,38k,43k,49.1k,45.4k,60k,60.6k,74.2k,75.7k,79.7k,95.2k,101k,108k,118k,128k,130k,136k,144k,146k,98.4k
Mexico,4.19,4.42,4.61,4.98,5.69,6.02,6.47,6.97,7.47,8.01,8.47,9.07,10.1,12.1,15.3,18.1,21.8,28.6,35.2,45,67.4,89.6,137,243,393,630,1000,2450,4910,6370,8460,10.7k,12.6k,17.2k,19.3k,24.3k,32.4k,40.8k,48.8k,57.6k,66.2k,69.2k,72.1k,75k,83.2k,88.3k,97.3k,104k,110k,106k,116k,125k,132k,133k,142k,148k,159k,171k,181k,186k,173k
Marshall Islands,,,,,,,,,,,,,,,,,,,,,,,,,,,,,,,,,,,,3030,2680,2710,2840,2960,2990,3110,3200,3140,3110,3240,3250,3420,3370,3370,3470,3710,3680,3890,3990,4330,4560,4720,4830,5010,5040
North Macedonia,,,,,,,,,,,,,,,,,,,,,,,,,,,,,,,263,483,6050,30.7k,76.7k,89.1k,92.3k,96.6k,101k,107k,120k,123k,127k,131k,137k,149k,163k,174k,200k,201k,210k,221k,222k,237k,250k,261k,276k,286k,305k,318k,308k
Mali,,,,,,,,11.8k,14.6k,15k,16.5k,17.9k,19.9k,20k,20.2k,27.1k,33.7k,38.4k,40.7k,48.4k,51.9k,56.5k,58.1k,64k,68.8k,78.4k,79.6k,77.2k,78.1k,83.9k,85.9k,88.9k,84.4k,87.9k,122k,138k,142k,153k,163k,196k,190k,215k,219k,220k,225k,249k,263k,275k,301k,315k,338k,381k,383k,385k,408k,434k,450k,466k,482k,497k,476k
Malta,,,,,,,,,,,866,893,938,1050,1220,1550,1860,2170,2440,2770,3430,3840,4050,3850,3930,3930,4050,4320,4690,5170,5720,6040,6400,6740,7180,8230,8520,8990,9320,10k,10.2k,11k,11.5k,12k,12.2k,12.4k,12.8k,13.5k,14.9k,14.4k,15.6k,16.2k,16.7k,17.7k,19.1k,21.2k,21k,22.5k,24k,24.9k,22.6k
Myanmar,,278,281,302,301,297,305,309,337,362,370,371,371,384,519,699,812,878,920,973,1030,1110,1200,1270,1310,1360,1400,1510,1710,2400,3040,3540,4810,6900,9420,12k,15.5k,21.2k,29.9k,41.2k,50k,60.3k,87k,127k,159k,190k,265k,374k,491k,590k,695k,817k,915k,1.02M,1.13M,1.26M,1.35M,1.51M,1.68M,1.88M,2.04M
Montenegro,,,,,,,,,,,,,,,,,,,,,,,,,,,,,,,,,,,,,,,,,1850,2240,2360,2610,2860,2990,3590,4420,5100,4850,5010,5310,5210,5520,5630,6000,6410,7050,7580,8050,6840
Mongolia,,,,,,,,,,,,,,,,,,,,,,3980,4270,4430,4400,4460,4390,4440,4550,4610,5760,10.2k,24.5k,97.1k,164k,278k,315k,395k,401k,455k,508k,574k,633k,736k,941k,1.18M,1.55M,1.87M,2.41M,2.36M,3.3M,4.36M,5.45M,6.28M,6.95M,7M,7.18M,7.74M,9.31M,10.4M,10.3M
Mozambique,,,,,,,,,,,,,,,,,,,,,,,,,,,,,,,,379,456,700,1080,1630,2660,3210,3630,4340,4700,5880,6400,7550,8460,9210,10.3k,11.8k,13k,14k,15.5k,17k,18.6k,19.9k,20.9k,23.1k,26.5k,28.5k,29.8k,31.1k,30.1k
Mauritania,,898,899,894,1160,1280,1300,1330,1380,1310,1440,1510,1560,1720,2130,2180,2350,2440,2470,2820,3040,3210,3370,3590,3820,4150,4540,4980,5240,5830,5740,8130,8520,9770,10.2k,11.3k,12.5k,13k,15.5k,16.5k,16.3k,16.2k,17.9k,19.4k,21.9k,26.4k,33.2k,34.6k,37.5k,36.9k,43.9k,51.6k,52.3k,55.4k,48.8k,48k,53.2k,56k,59.3k,63.2k,62.5k
Mauritius,,,,,,,,,,,,,,,,,5230,5890,6650,7930,8820,10000,11.3k,12.3k,13.6k,15.6k,18.4k,22.9k,26.9k,31.4k,36.9k,41.9k,46.4k,52.5k,57k,62.3k,69.3k,76.5k,85.7k,92.7k,103k,113k,121k,133k,148k,156k,182k,212k,232k,235k,244k,259k,289k,319k,335k,352k,372k,397k,426k,442k,370k
Malawi,31.4,32.7,33.7,34.2,33,38.6,42.6,43.1,44.2,47.1,50.2,62.2,64.9,71.6,90.5,99.9,107,123,130,133,148,161,178,201,234,255,273,306,393,468,533,630,655,920,1020,2100,3420,4200,5030,7040,9120,10.6k,22.6k,25.7k,30.4k,33.9k,41.5k,46.3k,54.2k,61.3k,70.9k,82.5k,95.3k,123k,154k,184k,226k,361k,386k,430k,465k
Malaysia,689,669,689,837,860,921,954,960,978,1040,1080,1140,1220,1560,1840,1780,2160,2430,2760,3300,3720,3930,4130,4460,4880,4610,4160,4610,5130,5670,6320,6930,7510,8410,9310,10.4k,11.5k,12.4k,12.1k,12.4k,14.1k,13.8k,14.8k,16k,17.8k,20.2k,22.1k,24.4k,27.4k,25.2k,28.2k,31.1k,32.2k,33.4k,35.8k,37.8k,39.6k,42.9k,44.5k,46.1k,42.9k
Namibia,,,,,,,,,,,,,,,,,,,,,1530,1730,1940,2180,2330,2480,2890,3490,3820,4570,5130,5820,6510,6880,8230,9130,10.4k,11.3k,12.5k,13.2k,15.2k,16.7k,19.3k,20.8k,22.7k,23.5k,27.2k,30.1k,33.8k,35.5k,37.5k,40.7k,46.7k,52.4k,59k,63k,65.6k,70.1k,71.2k,70.6k,68k
New Caledonia,118k,130k,109k,118k,167k,158k,158k,167k,194k,239k,324k,347k,370k,342k,426k,480k,518k,550k,505k,585k,649k,674k,742k,768k,834k,904k,961k,1.01M,1.37M,1.52M,1.47M,1.55M,1.57M,1.58M,1.62M,1.7M,1.7M,1.73M,1.65M,1.64M,1.63M,,,,,,,,,,,,,,,,,,,,
Niger,32.6k,34.3k,36.4k,38.7k,37.4k,42k,42.7k,39.1k,37.2k,37k,39.7k,41.1k,39.2k,43k,48.7k,43k,47.5k,57.8k,69.6k,75k,87.3k,92.6k,101k,103k,91.5k,90.8k,91.8k,89k,88.2k,90.1k,120k,113k,105k,98.3k,118k,122k,128k,134k,153k,149k,146k,160k,166k,163k,160k,180k,187k,198k,225k,230k,249k,257k,280k,284k,291k,300k,306k,312k,332k,339k,313k
Nigeria,66,68.9,74,75.9,79.3,80.6,85.3,69.8,67.3,83.8,154,168,174,189,307,354,429,495,518,598,651,1830,1910,1990,2010,2220,2250,2650,3460,4260,4920,5740,8490,11.2k,15.6k,27.3k,35.3k,37.3k,39.2k,44.8k,52.6k,62k,83.7k,95.3k,124k,154k,209k,227k,254k,268k,326k,366k,412k,448k,494k,512k,540k,584k,629k,701k,721k
Nicaragua,0,0,0,0,0,0,0,0,0,0,0,0,0,0,0,0,0,0,0,0,0,0,0,0,0,10µ,20µ,0.00014,0.0139,0.592,36.7,1320,1490,1820,5000,6100,7090,8070,9590,11k,12.3k,13.3k,13.7k,14.6k,16.6k,19k,20.9k,23.9k,28.3k,28.5k,31.2k,36.1k,39.8k,42.6k,48.3k,53.7k,57.4k,61.5k,60.4k,61.5k,63.5k
Netherlands,1850,1920,2050,2190,2540,2870,3080,3340,3660,4440,4900,5470,6080,6960,7830,8490,9660,10.4k,11.1k,11.8k,12.6k,13.1k,13.4k,13.9k,14.7k,14.9k,15.3k,15.5k,16k,16.9k,17.5k,18.4k,18.9k,19.5k,20.5k,21.6k,22.6k,23.9k,25k,26.9k,28.9k,29.9k,30.9k,31.9k,32.7k,33.3k,36k,37.8k,38.2k,37.4k,38.6k,39.5k,39.6k,39.8k,39.7k,40.8k,41k,43.4k,45.4k,47.1k,45.1k
Curaçao,,,,,,,,,,,,,,,,,,,,,,,,,,,,,,,,,,,,,,,,,,,,,,31k,31.7k,32.8k,34.7k,34.4k,35.4k,35.9k,37.3k,37.2k,37.1k,36.8k,35.9k,36.1k,36.3k,36.8k,31.1k
Norway,10.3k,11.2k,12k,12.7k,13.9k,15.2k,16.3k,17.6k,18.7k,20.2k,23.4k,26.2k,28.8k,32.5k,37.3k,42.4k,47.9k,53.4k,58.3k,63.8k,75.6k,86.4k,95.2k,106k,119k,133k,137k,150k,154k,163k,172k,180k,186k,194k,203k,218k,238k,256k,259k,281k,331k,347k,345k,357k,389k,435k,476k,498k,544k,506k,536k,569k,596k,611k,631k,625k,618k,647k,694k,687k,663k
Nepal,383,395,419,435,466,511,618,564,618,675,726,725,824,776,975,1230,1270,1240,1380,1520,1570,1780,1980,2110,2430,2760,3230,3620,4260,4850,5490,6400,7690,8590,9500,10.2k,11.3k,12.4k,13.1k,14.6k,15.9k,18.2k,18.6k,19.6k,21k,23k,25.3k,27.9k,30.9k,37.2k,44.5k,58.1k,65.6k,72.9k,84.2k,91k,96.9k,112k,124k,136k,136k
Nauru,,,,,,,,,,,,,,,,,,,,,,,,,,,,,,,,,,,,,,,,,,,,,,,,3680,4780,7130,6500,8140,11.2k,11.7k,13.5k,13.7k,17.8k,19.2k,20.1k,22.7k,22.5k
New Zealand,,,,,,,,,,,2040,2370,2670,3060,3300,3610,4350,4870,5490,6490,7540,9130,10.2k,11.1k,12.2k,14k,16.9k,18.8k,20.4k,21.5k,21.9k,20.3k,20.7k,22k,23.3k,24.6k,25.1k,26.1k,26.7k,27.8k,29.3k,31.5k,32.5k,34.2k,35.7k,36.9k,38.3k,41k,41.2k,43.3k,44.4k,46.4k,47.3k,50.3k,51.6k,53.6k,55.7k,58.2k,60.4k,63.3k,
Oman,28.6,28.9,34.7,36.1,36.3,36.2,37.7,53.3,87.6,109,122,140,144,132,556,705,873,912,879,1130,1710,1990,1980,1970,2080,2230,1770,1830,1850,2010,2410,2270,2340,2250,2240,2340,2540,2620,2300,2550,3170,3100,3160,3400,3830,4600,5450,5970,8130,6080,6740,8680,9110,8850,8440,6890,6270,6400,6870,6330,5160
Pakistan,396,425,434,455,498,552,595,658,689,724,814,845,878,1060,1350,1650,1870,2090,2380,2550,2960,3420,3840,4160,4640,5040,5290,5700,6520,7200,7760,8980,10.4k,11.1k,12.7k,14.6k,16.1k,17.9k,19.1k,20.6k,29.1k,30.8k,31.9k,34.3k,38.8k,43.6k,49.1k,53.8k,60.5k,73.2k,81.3k,98.3k,105k,115k,127k,135k,140k,151k,160k,172k,184k
Panama,421,459,487,526,552,579,614,660,689,737,793,870,929,1030,1140,1260,1290,1510,1760,1940,2130,2320,2630,2750,2710,2880,2810,3020,2460,2340,2500,2630,2970,3230,3410,3320,3440,3600,3800,3850,3880,3860,4040,4020,4280,4570,4970,5800,6730,7170,7450,8840,10000,11.1k,11.7k,12.8k,13.3k,14.2k,14.5k,14.7k,12.1k
Peru,10µ,10µ,10µ,10µ,10µ,10µ,10µ,10µ,20µ,20µ,20µ,20µ,20µ,30µ,30µ,40µ,50µ,70µ,0.00011,0.0002,0.00028,0.00049,0.00079,0.00141,0.00296,0.00792,0.014,0.0283,0.165,3.89,233,1160,1900,2860,3970,4740,5320,5980,6230,6400,6670,6700,6960,7230,7830,8440,9490,10.4k,11.5k,11.9k,13.3k,15k,16.1k,17.3k,18.1k,19.2k,20.1k,20.9k,21.7k,22.4k,20.8k
Philippines,569,604,656,740,774,820,877,915,985,1060,1230,1440,1570,1960,2630,2940,3350,3760,4210,4960,5770,6490,7030,7980,10.8k,11.5k,11.9k,13.1k,15k,16.9k,19.5k,22.3k,23.9k,25.6k,29.1k,32k,36k,39.9k,46.5k,49.7k,51.9k,55.3k,58.6k,62.2k,68.7k,75.2k,81.4k,87.7k,96.9k,101k,111k,118k,126k,136k,147k,152k,162k,175k,190k,199k,176k
Palau,,,,,,,,,,,,,,,,,,,,,,,,,,,,,,,,,,,,,,,,,8560,9110,9360,8520,8960,10.5k,10.8k,11.6k,11.9k,11.1k,11.2k,12k,13.1k,13.7k,14.8k,17.1k,18.3k,17k,17.1k,16.2k,14.5k
Papua New Guinea,90.3,94.1,98.8,102,111,123,137,151,162,179,201,211,233,287,309,312,360,385,402,458,467,442,441,523,559,572,597,635,693,650,641,738,794,898,1010,1130,1160,1210,1300,1420,1560,1600,1770,1790,1800,2160,3460,3840,4270,4150,4900,5160,5510,5630,7060,7280,7780,8430,8990,9150,9440
Poland,,,,,,,,,,,,,,,,,,,,,,,,,,,,,,,1560,2290,3200,4360,6380,8820,11.1k,13.4k,15.6k,17.3k,19.5k,20.4k,21.2k,22k,23.7k,25.5k,27.4k,30.1k,33.1k,34.9k,36.7k,39.6k,41.1k,41.8k,43.3k,45.7k,47.1k,50.2k,53.6k,57.9k,59.2k
Puerto Rico,711,764,836,907,974,1070,1150,1250,1380,1550,1720,1900,2050,2190,2320,2400,2480,2650,2870,3170,3450,3770,3870,3940,4240,4440,4710,5030,5380,5720,6110,6400,6610,6950,7300,7730,8150,8600,9290,10.1k,10.9k,11.5k,11.8k,12.4k,13.5k,14.4k,15.2k,16k,16.7k,17k,17.3k,17.9k,18.7k,19.2k,19.5k,20k,20.5k,20.8k,21.2k,22.2k,21.4k
Portugal,50.9,54,57.5,61,66.6,74.7,82.1,92.6,103,114,135,152,177,216,257,272,326,430,531,661,824,961,1160,1440,1740,2180,2790,3310,3990,4720,5600,6470,7330,7700,8290,8950,9430,10.1k,10.9k,11.7k,12.3k,12.9k,13.5k,13.8k,14.3k,14.9k,15.4k,16.2k,16.4k,16k,16.4k,16.4k,15.6k,16.1k,16.3k,16.9k,17.6k,18.6k,19.5k,20.3k,19.1k
Paraguay,,,,,,,,,,,,,,,,,,,,,,,,,,,,,,,,,,,,3.36M,3.92M,3.98M,4.54M,4.84M,5.07M,5.73M,6.82M,7.46M,8.7M,9.93M,11.5M,14.1M,16.9M,17.1M,19.7M,21.6M,21.9M,24.5M,26.3M,27.1M,29M,30.9M,32M,32.6M,32.8M
Palestine,,,,,,,,,,,,,,,,,,,,,,,,,,,,,,,,,,,1350,1500,1480,1580,1720,1760,1650,1440,1230,1340,1490,1650,1690,1820,2220,2340,2720,3070,3280,3600,3710,3670,3960,4100,4170,4300,3770
French Polynesia,65.8k,71.1k,72k,82.6k,122k,170k,200k,198k,226k,215k,232k,261k,253k,285k,383k,410k,469k,507k,572k,632k,683k,801k,945k,1.11M,1.27M,1.39M,1.59M,1.49M,1.52M,1.56M,1.58M,1.65M,1.65M,1.66M,1.66M,1.66M,1.65M,1.67M,1.75M,1.8M,1.85M,,,,,,,,,,,,,,,,,,,,
Qatar,,,,,,,,,,,12.5k,14.1k,15k,19.4k,60.6k,57.5k,68.8k,68.8k,73.4k,95k,137k,135k,107k,81.5k,75.4k,66k,52k,51.1k,52k,52.7k,57.9k,52.9k,57.8k,53.5k,54.5k,59.4k,64.9k,79.1k,67.1k,78.3k,101k,99.6k,105k,123k,143k,163k,205k,225k,275k,194k,220k,276k,290k,293k,291k,224k,207k,215k,235k,221k,179k
Romania,,,,,,,,,,,,,,,,,,,,,,,,,,,,,,3.46,3.68,9.59,26.4,87.5,218,333,499,1120,1620,2420,3580,5270,6940,8690,10.9k,13.1k,15.6k,19.4k,25.7k,25.7k,25.8k,27.4k,29k,31.3k,33.5k,35.5k,38.2k,43.2k,48k,53.9k,54k
Russia,,,,,,,,,,,,,,,,,,,,,,,,,,,,,3.65,3.88,4.34,9.4,127,1140,4100,9550,13.4k,15.5k,17k,31.5k,48.5k,60.4k,73.1k,88.5k,116k,147k,183k,228k,281k,263k,314k,408k,461k,491k,523k,552k,567k,609k,690k,721k,713k
Rwanda,2030,2030,2050,2060,2050,2300,3280,4660,4880,5180,5860,5740,5700,5890,6710,12k,13.7k,15.3k,16.8k,19.3k,21k,23.2k,24k,25.1k,27k,28.1k,26.3k,25.1k,25.7k,26.4k,29.1k,33.6k,40.3k,45k,27.8k,58.4k,69.8k,86.2k,88.4k,95.5k,101k,105k,110k,132k,156k,183k,201k,239k,295k,327k,353k,398k,439k,460k,495k,530k,570k,622k,651k,713k,735k
Saudi Arabia,1560,1660,1780,1780,1930,2070,2320,2340,2960,3060,3360,4210,4850,6230,20.6k,21.2k,29.2k,31.9k,31.1k,40.1k,55k,59.2k,48.7k,40.4k,35.6k,31.6k,26.2k,24.8k,24.4k,25k,28.2k,30.1k,30k,28.6k,27.9k,29.2k,31.2k,32k,28.1k,30.4k,34.6k,32.9k,32.8k,36.2k,42.2k,52.1k,58.2k,62.8k,76.6k,61.6k,73.2k,90.3k,96.1k,94.9k,93.7k,79.4k,76.4k,79.2k,88.4k,87.6k,77.1k
Sudan,0.0379,0.0399,0.0421,0.0418,0.0417,0.0423,0.0422,0.0441,0.0447,0.0477,0.0527,0.0557,0.0585,0.0704,0.0876,0.103,0.125,0.151,0.172,0.195,0.234,0.294,0.401,0.497,0.6,0.802,1.06,1.48,2.55,3.66,5.43,10,22.3,46.1,121,257,361,579,690,793,894,1140,1290,1470,1760,2140,2370,2830,3090,3030,3610,4840,5900,7920,11.4k,12.9k,15.7k,20.4k,29.6k,42.9k,86.2k
Senegal,,,,,,,,,79.9k,77.7k,83.3k,83k,89.1k,87.2k,103k,120k,133k,137k,136k,157k,167k,189k,217k,217k,234k,256k,271k,275k,261k,269k,260k,257k,253k,247k,321k,354k,372k,382k,407k,418k,429k,469k,466k,477k,487k,519k,534k,570k,624k,609k,623k,634k,661k,666k,676k,705k,733k,769k,789k,814k,827k
Singapore,1330,1400,1470,1600,1530,1630,1790,1970,2210,2530,2860,3280,3850,4640,5600,6120,6510,6950,7770,8840,10.2k,11.3k,12.2k,13.8k,15.2k,15.1k,15k,16k,18.5k,20.8k,22.9k,24.7k,26.3k,28.9k,33k,35.6k,36.7k,39.9k,37.1k,37.4k,40.9k,38.6k,38.9k,40.2k,43.8k,47k,52.2k,57.9k,54.5k,53.7k,63.7k,65.5k,66.3k,67.4k,70.4k,71.3k,73.6k,78k,79.5k,78.8k,72.4k
Solomon Islands,,,,,,,,,,,,,134,149,214,195,216,260,277,378,606,695,724,779,837,877,885,1030,1190,1250,1700,1850,2300,2790,3770,4390,4860,5070,5540,5680,5130,5100,5250,5860,6530,7670,8300,9120,9900,10.6k,12.3k,13.8k,15k,16.5k,16.6k,16.8k,17.1k,18k,18.9k,19k,18.9k
Sierra Leone,,,,,92.7,103,105,97.6,105,127,129,122,128,158,183,198,208,242,298,345,332,364,445,502,716,1110,1850,5320,7810,12.4k,20.3k,48.9k,69.5k,95k,109k,144k,194k,189k,227k,261k,281k,444k,517k,613k,704k,825k,939k,1.13M,1.31M,1.44M,1.62M,1.92M,2.54M,3.09M,3.16M,2.95M,2.81M,3.58M,3.94M,4.64M,4.91M
El Salvador,,,,,,272,280,286,287,291,306,312,323,360,402,444,545,672,695,759,760,715,692,703,724,746,731,757,793,817,890,956,1050,1200,1360,1570,1660,1750,1860,1880,1960,2030,2070,2140,2200,2350,2560,2710,2870,2770,2900,3170,3290,3350,3420,3530,3610,3690,3820,3960,3600
Somalia,467,486,505,526,546,567,583,601,616,632,656,679,837,910,814,1150,1190,1430,1520,1530,2760,3360,4340,5250,8900,12.4k,16.8k,23.2k,38.2k,72.9k,219k,,,,,,,,,,,,,,,,,,,,,,,6.71M,7.52M,8.55M,8.94M,8.83M,9.28M,10.5M,11.2M
Serbia,,,,,,,,,,,,,,,,,,,,,,,,,,,,,,,,,,,,,,20k,25.8k,30k,57.8k,116k,146k,172k,203k,245k,291k,331k,385k,411k,436k,480k,512k,553k,561k,580k,606k,634k,690k,739k,773k
South Sudan,,,,,,,,,,,,,,,,,,,,,,,,,,,,,,,,,,,,,,,,,,,,,,,,,,,,2600,3350,4960,3340,3540,,,,,
Sao Tome and Principe,,,,,,,,,,,,,,,,,,,,,,,,,,,,,,,,,,,,,,,,,,4450,5040,6190,7180,8950,11.2k,12.5k,16.1k,17.3k,20.3k,22.4k,25.1k,29.3k,33.5k,35.1k,38k,39.6k,40.9k,43.7k,46.5k
Suriname,0.546,0.557,0.552,0.476,0.507,0.736,0.904,1.01,1.02,1.04,1.12,1.22,1.34,1.48,1.92,2.52,2.63,3.36,3.9,4.11,4.34,5,5.11,4.82,4.75,4.74,4.75,5.12,5.93,6.8,9.55,10.8,14.4,33.5,185,689,764,792,941,1570,2520,3330,5120,6530,7870,9590,14k,15.8k,18.9k,20.4k,22.1k,25.4k,29.2k,30.2k,30.8k,31.2k,34.7k,42k,46.8k,48.6k,54.8k
Slovak Republic,,,,,,,,,,,,,,,,,,,,,,,,,,,,,,,,,,,,3710,4140,4550,4960,5270,5850,6390,6930,7350,8270,9160,10.2k,11.4k,12.5k,11.8k,12.4k,12.8k,13.3k,13.6k,13.9k,14.4k,14.5k,15.2k,16.2k,16.9k,16.7k
Slovenia,,,,,,,,,,,,,,,,,,,,,,,,,,,,,,,,,,,,5330,6120,6960,7740,8680,9460,10.6k,11.7k,12.7k,13.6k,14.4k,15.5k,17k,18.3k,17.5k,17.5k,17.8k,17.3k,17.5k,18.1k,18.2k,19.1k,20.4k,21.8k,22.8k,22.1k
Sweden,10.4k,11.3k,12.2k,13.1k,14.5k,15.8k,17k,18.3k,19.3k,20.8k,24.1k,25.9k,28.3k,31.5k,35.5k,41.5k,46.7k,50.5k,56k,62.7k,71.3k,77.5k,84.3k,94.2k,106k,115k,125k,136k,148k,162k,177k,186k,183k,181k,195k,210k,215k,225k,238k,255k,272k,282k,292k,307k,316k,329k,353k,374k,383k,368k,391k,403k,402k,407k,420k,438k,447k,468k,483k,506k,496k
Eswatini,63.2,76.1,79.4,92,108,114,126,119,123,157,161,200,221,283,323,,,,,,,,,,,,,,,,3690,4000,4500,5170,5490,6960,7890,8870,9220,10.1k,12.2k,14k,14.8k,15.9k,17.5k,20.7k,21.6k,23.7k,25.9k,28.1k,29k,30.7k,34.8k,39.1k,42k,45.1k,47.7k,48.7k,50.6k,50.9k,50.7k
Sint Maarten (Dutch part),,,,,,,,,,,,,,,,,,,,,,,,,,,,,,,,,,,,,,,,,,,,,,,,,,43.1k,45.1k,49.1k,50.4k,50.2k,58.4k,57.3k,56.6k,51.4k,50.7k,,
Seychelles,1370,1280,1360,1460,1580,1560,1600,1600,1740,1740,1900,2190,2910,3520,4230,4840,5780,7500,8950,12k,14.4k,15k,14.6k,14.9k,15.9k,17.8k,18.8k,19.2k,20.9k,23.7k,27.3k,27.3k,30.7k,33.2k,32.9k,30.9k,31.7k,35.8k,39.2k,39.7k,41.1k,43.6k,41.2k,43.2k,56.6k,61.7k,67k,75.8k,96.6k,123k,123k,134k,155k,169k,176k,184k,185k,201k,217k,219k,178k
Syria,,,,,,,,,,,,,,,,,,,,,,,,,,,,,,,,,,,,,,,,,50.1k,53.3k,54.5k,56.3k,65.7k,75k,84.4k,95.8k,111k,112k,124k,144k,142k,144k,186k,253k,337k,469k,545k,672k,
Turks and Caicos Islands,,,,,,,,,,,,,,,,,,,,,,,,,,,,,,,,,,,,,,,,,,,,,,,,,,,,,,,23.8k,26.2k,28.3k,27.1k,28.7k,30.5k,
Chad,25.4k,26.5k,27.8k,28.4k,29.4k,30.6k,31.3k,32.4k,32.2k,34.5k,35.8k,37.3k,38.9k,37.1k,39.5k,45.7k,50.1k,54.4k,58.3k,48.2k,48.6k,51.5k,58k,65.2k,80.3k,90.6k,69.9k,64k,78.3k,78.7k,78.6k,85.9k,78.5k,61.4k,96k,103k,113k,119k,132k,117k,117k,142k,149k,141k,202k,294k,311k,330k,348k,362k,427k,452k,482k,462k,482k,445k,403k,382k,397k,409k,349k
Togo,18.7k,19.2k,20.1k,22.1k,25k,26.1k,29.7k,30.3k,30.1k,33.5k,32.6k,35.5k,36.8k,38.1k,57.3k,54.5k,59.7k,74.6k,70.4k,70k,85.1k,88.9k,88.2k,90.9k,94.5k,100k,105k,104k,111k,114k,115k,115k,112k,84.8k,125k,149k,169k,191k,199k,198k,211k,210k,225k,228k,215k,211k,210k,213k,243k,253k,262k,293k,292k,309k,320k,349k,479k,483k,502k,525k,528k
Thailand,2130,2260,2370,2460,2610,2870,3350,3480,3640,3890,4000,4040,4340,5510,6770,7170,7970,9060,10.7k,11.9k,13.9k,15.5k,16.8k,18.2k,19.1k,20k,21k,23.7k,28k,32.9k,38.1k,43.2k,47.9k,55k,61.5k,69.6k,75.2k,75.1k,73.4k,74.5k,78.9k,81.8k,86.9k,93.9k,102k,111k,123k,132k,141k,139k,154k,163k,174k,177k,183k,190k,202k,214k,224k,234k,218k
Tajikistan,,,,,,,,,,,,,,,,,,,,,,,,,,0.0132,0.0126,0.0128,0.0138,0.0134,0.0138,0.025,0.118,1.26,3.06,11.6,48.9,85,166,214,275,387,507,695,900,1220,1650,2310,3160,3350,4050,4980,5860,6570,6760,7140,7310,8320,9040,9850,10.3k
Turkmenistan,,,,,,,,,,,,,,,,,,,,,,,,,,,,,,,,,,0.503,4.39,31.2,364,528,642,896,1090,1530,1910,2520,3090,3500,4340,5380,9480,10.8k,11.6k,14.5k,17.2k,19k,20.6k,21.2k,21.8k,22.1k,23.4k,25.7k,
Timor-Leste,,,,,,,,,,,,,,,,,,,,,,,,,,,,,,,,,,,,,,,,,583,702,823,699,701,849,1280,1900,3090,2350,3040,4120,3810,3600,2840,2330,1830,1840,1790,2110,1810
Tonga,,,,,,,,,,,,,,,,,,,,,,616,686,739,805,956,1140,1290,1410,1470,1590,1830,1960,2020,2820,2810,2910,2880,3070,3340,3470,3610,4100,4480,4760,5020,5870,5920,6440,6470,7030,7550,7990,7870,7950,8510,9270,10.4k,11k,12k,11.6k
Trinidad and Tobago,978,1030,1080,1300,1350,1380,1220,1300,1480,1510,1600,1710,2010,2430,3620,5060,5680,6800,7940,9760,13.1k,14.5k,17k,16.2k,15.6k,14.7k,13.8k,13k,13.4k,13.8k,16.3k,16.8k,17.2k,18.7k,21.5k,23.4k,25k,26.6k,28.5k,31.9k,37.4k,40.6k,41.7k,52.1k,62.9k,73.8k,84.4k,100k,127k,86.9k,101k,108k,112k,122k,122k,114k,107k,110k,112k,112k,103k
Tunisia,,,,,,112,115,116,126,131,143,165,195,203,270,298,320,356,395,453,537,613,687,791,871,917,908,991,1040,1130,1270,1370,1520,1560,1660,1780,1950,2340,2510,2720,2900,3100,3190,3420,3720,3930,4280,4590,5010,5300,5940,6020,6540,6920,7450,7800,8200,8660,9430,10.1k,9660
Turkey,,,,,,,,0.00432,0.00471,0.00512,0.00561,0.00675,0.00786,0.00966,0.0129,0.0163,0.0204,0.0255,0.0374,0.0639,0.117,0.172,0.223,0.288,0.446,0.698,0.994,1.43,2.41,4.2,7.17,11.3,19.3,34.4,65.5,130,245,470,1160,1700,2670,3760,5450,7020,8580,9910,11.4k,12.6k,14.1k,13.9k,16k,19k,21k,23.8k,26.4k,29.6k,32.6k,38.1k,44.9k,50.9k,59.1k
Tuvalu,,,,,,,,,,,,,,,,,,,,,,,,,,,,,,,,,,,,,,,,,,5090,6390,4460,5040,4900,4970,5630,5690,5830,5280,5270,4440,5540,5020,6680,6640,6670,7460,8060,8320
Tanzania,,,,,,,,,,,,,,,,,,,,,,,,,,,,,21.2k,25.6k,32.4k,41.3k,50.1k,61.2k,79.3k,102k,126k,153k,261k,296k,326k,348k,395k,442k,493k,545k,607k,679k,814k,909k,1.02M,1.19M,1.34M,1.53M,1.67M,1.85M,2.06M,2.19M,2.33M,2.52M,2.45M
Uganda,5.95,6.02,5.88,6.55,7.24,7.74,7.85,7.92,8.25,9.01,9.45,10.3,10.6,11.8,14,19.7,22.1,43.7,47.4,70.5,99.4,207,325,483,588,1210,2790,7910,23.9k,52.7k,77.9k,100k,143k,199k,219k,260k,289k,306k,339k,355k,389k,409k,421k,469k,557k,563k,621k,705k,790k,1.52M,1.64M,1.9M,1.98M,2.05M,2.19M,2.35M,2.49M,2.57M,2.74M,2.91M,3M
Ukraine,,,,,,0.0105,,,,,,,,,,,,,,,,,,,,,,,,0.0301,0.0329,0.0588,0.964,27.7,230,1050,1580,1820,2000,2550,3350,4120,4620,5530,7200,9260,11.4k,15.4k,20.3k,19.4k,23.5k,28.1k,31.7k,33k,36.5k,48.4k,56.5k,71.2k,85k,95.8k,103k
Uruguay,0.00567,0.0068,0.00745,0.00877,0.0125,0.0202,0.0354,0.0599,0.131,0.176,0.21,0.245,0.405,1.11,1.57,2.73,4.18,6.58,10.1,19.3,30.4,40.4,42.2,55.7,83.8,147,279,522,921,1620,3370,7050,12.1k,18.3k,27k,37.4k,49.7k,68.7k,80.1k,82.1k,82.9k,83.4k,87.5k,98.1k,113k,124k,139k,161k,185k,206k,232k,266k,285k,329k,366k,407k,481k,506k,542k,593k,614k
United States,3020,3090,3270,3400,3600,3850,4170,4360,4730,5060,5240,5600,6100,6760,7260,7800,8570,9460,10.6k,11.6k,12.5k,14k,14.6k,15.5k,17.1k,18.1k,18.8k,19.9k,21.5k,22.7k,23.6k,24.1k,25.1k,25.9k,27.3k,28.4k,29.9k,31.5k,33.1k,34.7k,36.8k,37.7k,38.4k,39.8k,42.1k,44.6k,47.1k,48.3k,48.4k,47k,49k,50.9k,53.1k,54.4k,56.7k,58.2k,58.9k,61.2k,64.1k,66.1k,64.2k
Uzbekistan,,,,,,,,,,,,,,,,,,,,,,,,,,,,,,,,,20.6,232,2890,13.3k,23.9k,40.8k,58.5k,86.7k,130k,194k,290k,381k,472k,607k,793k,1.09M,1.51M,1.83M,2.81M,3.58M,4.34M,5.15M,6.16M,7.19M,8.1M,9.99M,13.3M,16M,17.5M
St. Vincent and the Grenadines,277,292,299,279,297,301,318,318,346,372,408,433,573,632,714,754,887,1360,1660,1910,2190,2700,2930,3140,3430,3690,3910,4370,4800,5240,5760,6100,6750,6950,6960,7610,8060,8390,9010,9300,9450,10.3k,11.1k,11.4k,12.3k,13k,14.5k,16.5k,16.8k,16.5k,16.7k,16.5k,17.2k,17.8k,17.3k,18.2k,19k,19.4k,19.8k,20k,19.7k
Venezuela,2.94,2.97,3.13,3.33,3.48,3.59,3.64,3.74,3.92,3.94,4.35,4.59,4.91,5.64,8.54,8.99,10,11.2,11.8,14.1,16.8,18.4,17.8,17.1,24,25.9,26.8,36.9,45.3,74.5,114,149,195,252,391,608,1280,1780,2090,2460,3250,3550,4170,5120,7930,11.3k,14.6k,18.3k,24.6k,25k,35.3k,45.8k,54.2k,73k,99.8k,,,,,,
Vietnam,,,,,,,,,,,,,,,,,,,,,,,,,,,,,,425k,578k,1.05M,1.51M,1.87M,2.36M,3.05M,3.54M,4M,4.52M,4.97M,5.45M,5.88M,6.46M,7.34M,8.45M,10.7M,12.3M,14.2M,18.2M,19.9M,23.6M,29.9M,34.7M,37.8M,40.9M,42.4M,44.8M,48.9M,54.3M,58.6M,60.9M
Vanuatu,,,,,,,,,,,,,,,,,,,,61.1k,61.2k,72k,74k,80.1k,97.9k,96.6k,95.3k,95.9k,105k,120k,134k,131k,131k,131k,139k,142k,149k,161k,182k,187k,193k,195k,180k,184k,190k,193k,216k,229k,265k,264k,266k,277k,261k,275k,289k,299k,311k,333k,355k,386k,365k
Samoa,,,,,,,,,,,,,,,,,,,,,,,724,858,918,954,1010,1090,1190,1190,1260,1280,,,,,,,,,,,5280,5610,6270,6500,7230,7670,8350,8200,8780,9030,8930,8900,8780,9670,10.5k,10.5k,10.4k,10.8k,10.6k
Yemen,,,,,,,,,,,,,,,,,,,,,,,,,,,,,,,12.6k,13.8k,16.3k,18.8k,23.1k,33.2k,43.7k,50.4k,49.3k,63.9k,82.5k,86.3k,94k,104k,118k,144k,170k,190k,228k,216k,276k,273k,296k,330k,338k,358k,327k,359k,406k,,
South Africa,303,310,325,353,378,402,428,467,490,538,575,621,682,823,984,1070,1180,1280,1440,1670,2170,2450,2710,3020,3440,3850,4410,5070,5960,6980,7820,8840,9710,11.9k,13.2k,14.8k,16.3k,17.8k,19k,20.4k,22.9k,24.9k,28.8k,31.2k,34.4k,37.7k,41.7k,46.4k,51k,54.2k,58.5k,62.5k,65.8k,70.3k,73.9k,78k,82.5k,86.6k,90.1k,93.3k,91.5k
Zambia,0.146,0.139,0.134,0.135,0.15,0.2,0.225,0.239,0.274,0.328,0.298,0.265,0.285,0.317,0.367,0.296,0.342,0.359,0.386,0.43,0.484,0.559,0.539,0.596,0.661,0.901,1.48,2.48,3.61,6.34,12.9,23.5,60.7,158,258,339,439,555,626,763,1030,1330,1620,2000,2410,2900,3430,4010,4810,5690,6660,7730,8920,9720,10.6k,11.3k,12.8k,14k,15.6k,16.5k,17.6k
Zimbabwe,271,271,266,266,266,285,271,288,295,337,352,392,466,556,646,685,653,639,619,712,881,1030,1040,917,728,621,656,685,769,795,816,781,594,569,586,595,713,697,512,550,533,541,508,460,459,454,422,402,321,761,937,1070,1280,1410,1410,1420,1440,1520,2510,12.5k,75.2k
